Accuracy,Precision,Recall,False Positive Rate
0.7706706884315118,0.9662894000243398,0.618717369282319,0.028524353825558645
