Accuracy,Precision,Recall,FPR
0.99513,0.980687,0.994847,0.004801
